view_count,followers_count,is_following,title,introduction,section_list,banner,updated,id
1731503,9,False,2025重阳｜孝满中华 德润人心,登高望远，尊老助老，共度中国节。,"[{'section_id': '1965085377053319925', 'section_title': '重阳习俗'}, {'section_id': '1965090805308986440', 'section_title': '尊老助老'}, {'section_id': '1965090846526402603', 'section_title': '银发经济'}]",https://pic1.zhimg.com/100/v2-0c73f7047d5e9973f777b14797f63e9c_hd.png,1761532312,1965084851284735395
982460,19,False,2025年中国网络文明大会,汇聚网络正能量 引领时代新风尚,"[{'section_id': '1915459925842331448', 'section_title': '2025年中国网络文明大会'}, {'section_id': '1915460865353839024', 'section_title': '网络文明建设'}, {'section_id': '1915462249658681242', 'section_title': '个人信息保护'}]",https://pic4.zhimg.com/100/v2-a845dcd4264f2cc02b19aee084b11dfb_hd.png,1749527747,1915458132534101006
815440,5,False,和满京城 奋进九州,粽香浸润古都，龙舟激荡新潮，你了解端午节最初的起源吗？你的家乡都有哪些特殊的传统习俗？这个时节，都有哪些美食呢？你又有哪些出门游玩的计划呢？,"[{'section_id': '1910313282268542547', 'section_title': '解码节日渊源'}, {'section_id': '1910324865463984696', 'section_title': '民间传统习俗'}, {'section_id': '1910324897235841969', 'section_title': '端午饮食风味'}, {'section_id': '1910324930198865140', 'section_title': '假期旅行消费'}]",https://pic4.zhimg.com/100/v2-9a42dc88c297516b7ecba2933b5dfb77_hd.png,1748581894,1910304383792571848
1710292,40,False,2025｜云上阅读季,云上阅读季，重温经典作品魅力，聚焦网络文学创新表达。,"[{'section_id': '1892604127126737871', 'section_title': ' 重温经典文学 IP'}, {'section_id': '1892598707188376019', 'section_title': '科幻作品中的「预言」'}, {'section_id': '1892599200539190085', 'section_title': '现实题材里的「烟火气」\u200c'}, {'section_id': '1892603610363299417', 'section_title': 'AI 闯入网文圈'}]",https://pic3.zhimg.com/100/v2-055b906c2678e177b21bf843bc23f0c2_hd.png,1751442884,1892598504750314146
1930870,0,False,网络普法 点亮生活,互联网时代，法律不再是晦涩的条文，而是每个人手中的「工具箱」，法律与生活的边界正在消融。「网络普法 点亮生活」专题，聚焦网民最关心的‌法律盲区、维权痛点、新兴技术伦理‌，让法律知识从「纸上规则」变为「生活解法」。,"[{'section_id': '1892589446815266776', 'section_title': '网络强国普法新篇'}, {'section_id': '1892591037224026242', 'section_title': '网络谣言要说「不」'}, {'section_id': '1892592260622841765', 'section_title': '网络护苗守「红线」'}, {'section_id': '1892592893291639306', 'section_title': '网络普法在行动'}]",https://pic1.zhimg.com/100/v2-4ce424fe23bbf60f8cc9b9aea3da8bf8_hd.png,1761532203,1892588605198798930
882722,5,False,忆满九州 情思华夏,清明时节，扫墓踏青，你了解哪些关于清明的诗词文化、传统习俗？准备通过什么样的方式寄托哀思？,"[{'section_id': '1888299418576478558', 'section_title': '云上追思'}, {'section_id': '1888299523811562903', 'section_title': '清明文化'}, {'section_id': '1888299630934069250', 'section_title': '春日踏青'}]",https://pic3.zhimg.com/100/v2-b5e37f6959020e42f688ef99c4a41486_hd.png,1743500834,1888297394191442641
963532,4,False,金蛇起新岁，欢乐闹元宵,「元」气满满，喜「宵」颜开。欢乐元宵，共享团圆。,"[{'section_id': '1872274514672500737', 'section_title': '红红火火闹元宵'}, {'section_id': '1872282821059563523', 'section_title': '传承千年的中国式浪漫'}]",https://pic2.zhimg.com/100/v2-dd8b92dff1d267a787d43f0c3182d215_hd.png,1739170765,1872272516929679360
814501,5,False,京彩春节的N种打开方式,春节，承载着团圆的温暖和对未来的美好祝愿。2025 年第一个非遗春节即将登场，你准备好迎新年了吗？,"[{'section_id': '1865105132385095681', 'section_title': '京彩春节'}, {'section_id': '1865105154078019584', 'section_title': '非遗里的中国年'}]",https://pic2.zhimg.com/100/v2-d0dd147c29e7703e168843dc8a0d0291_hd.png,1737513877,1865104586597068800
47655875,11,False,北京大视听·春天的“视”集,根据北京市广电局元旦春节两节文化活动整体安排，统筹北京大视听优质资源，知乎于2025年春节期间，在首页首屏上线“北京大视听·春天的‘视’集”专区，集中展播优秀作品，丰富群众假日文化供给。,"[{'section_id': '1864662026091122688', 'section_title': '综艺节目'}, {'section_id': '1864661931203362818', 'section_title': '纪录片'}, {'section_id': '1864662384620216320', 'section_title': '晚会活动'}]",https://pic3.zhimg.com/100/v2-c59acde5fb37ac1012228908cfb3e492_hd.png,1737352422,1864661488037400577
619750,3,False,创在武汉,各位才华横溢的创作者们！「映像武汉」官方号来知乎搞事情啦！我们正式开启#「创」在武汉#话题活动，现面向全网招募作者，一起用作品为武汉打 call。 无论你擅长摄影，能用镜头捕捉武汉的烟火人间、绝美江景；还是妙笔生花，以文字勾勒武汉的热干面香、黄鹤楼韵；亦或是剪辑大神，能通过视频展现武汉的车水马龙、四季更迭，形式统统不限，只要它满含你对武汉的热爱。 这是一场创意的狂欢，你的每一份作品都将成为武汉独特魅力的展示窗口。而且，重点来咯！我们将从众多佳作中精心挑选出 10 位优秀获奖者，奉上实打实的现金奖励。 别犹豫，快来加入创在武汉，让你的才华在这座英雄城市绽放光芒，和我们一起书写关于武汉的热血篇章吧！ 期待看到你的精彩创作，速来！,"[{'section_id': '1863550795221434369', 'section_title': '映像武汉'}, {'section_id': '1863550840201162752', 'section_title': '「泳」者集结'}, {'section_id': '1863550884597858304', 'section_title': '一针一世界'}, {'section_id': '1863550930462593024', 'section_title': '初夏的快乐'}, {'section_id': '1863550986930487298', 'section_title': '青春无敌 所向披靡'}, {'section_id': '1863551047374614528', 'section_title': '魅力武汉'}]",https://pic2.zhimg.com/100/v2-e742371b57b50783e94a3df15f8ff6a9_hd.png,1737085637,1863547714706485248
3098051,65,False,元旦快乐丨2025更精彩, ,"[{'section_id': '1857382904310677504', 'section_title': '回望足迹'}, {'section_id': '1857382997759766528', 'section_title': '奔向2025'}, {'section_id': '1857383053653045248', 'section_title': '对话时代'}, {'section_id': '1857383102541852673', 'section_title': '美好生活'}]",https://pic2.zhimg.com/100/v2-0135e21b7ab1ffaa6885f7d4f86f2ee5_hd.png,1735616783,1857381850634387456
8333350,4,False,2024年世界互联网大会乌镇峰会, ,"[{'section_id': '1842170723143135234', 'section_title': '峰会看点'}, {'section_id': '1842171838861549569', 'section_title': '数字经济新趋势'}, {'section_id': '1842172397375070208', 'section_title': '网络空间命运共同体'}, {'section_id': '1842172046248902656', 'section_title': '互联网未来之光'}]",https://pic4.zhimg.com/100/v2-53f6195467d7cc22996afb45c69192bf_hd.png,1732174074,1841805568026755074
241732,15,False,增强国家安全意识 筑牢国家安全人民防线,国家安全是民族复兴的根基。坚持总体国家安全观，坚决维护国家主权、安全、发展利益。,"[{'section_id': '1832085893927800832', 'section_title': '国家安全'}]",https://pic3.zhimg.com/100/v2-6998fb9a00f201f4fe148bb631824da2_hd.png,1736504067,1832080527294853121
1723594,51,False,2024国家网络安全宣传周,2024年国家网络安全宣传周以「网络安全为人民，网络安全靠人民」为主题，将举办开幕式、网络安全技术高峰论坛主论坛暨粤港澳大湾区网络安全大会、网络安全博览会，集中发布一系列网络安全领域重要成果。同时将举行校园日、电信日、法治日、金融日、青少年日、个人信息保护日等系列主题日活动。,"[{'section_id': '1814303142386487297', 'section_title': '官方稿件'}, {'section_id': '1814301769079058432', 'section_title': '宣传视频'}, {'section_id': '1814297952828665856', 'section_title': '宣传海报'}, {'section_id': '1814311775564357633', 'section_title': '网络安全'}]",https://pic2.zhimg.com/100/v2-4cb676ecfc24da42feb6f8dba7d4c0d9_hd.png,1726287986,1814297848247885824
7167524,7,False,2024中国网络文明大会, ,"[{'section_id': '1811816110498127872', 'section_title': '网络文明生态共建'}, {'section_id': '1811816332888514561', 'section_title': '网络法治'}, {'section_id': '1811816516645179393', 'section_title': '网络辟谣'}, {'section_id': '1811816662841835521', 'section_title': '网络正能量传播'}, {'section_id': '1811816944501923843', 'section_title': '青少年网络安全保护'}, {'section_id': '1811817073254473730', 'section_title': '网络文艺与文化强国建设'}]",https://pic3.zhimg.com/100/v2-ac34582ace91462c3452d452f85fd1e6_hd.png,1724753501,1811814552964317187
627919,91,False,共建和谐亲子关系，助力儿童健康成长,和谐亲子关系有哪些特征？如何有效沟通建立和谐亲子关系？暑期来临，全国妇联社联中心联合知乎围绕“共建和谐亲子关系，助力儿童健康成长”这一主题，邀请相关领域专家行家联动女性社会组织开展交流分享，凝聚社会力量关爱服务儿童，共建和谐家庭。一起来参加吧~,"[{'section_id': '1795139678229381121', 'section_title': '问答精选'}, {'section_id': '1798723028823191552', 'section_title': '相关问题 '}]",https://pic3.zhimg.com/100/v2-94bc803b7ab6e0e9447630064aad4c6e_hd.png,1722321518,1795139218252623872
3828115,18,False,网络中国节·端午丨和满中华 奋进九州, ,"[{'section_id': '1782374463528009729', 'section_title': '粽香探源'}, {'section_id': '1782374581190823937', 'section_title': '粽艺薪传'}, {'section_id': '1782374631829655553', 'section_title': '粽韵新篇'}, {'section_id': '1782374679464370176', 'section_title': '粽情家国'}]",https://pic1.zhimg.com/100/v2-6ff5545fcb222801b52304375f780030_hd.png,1717732197,1782373709593477120
52399171,72,False,互联保苗丨网络防护从我做起, ,"[{'section_id': '1809185396644524032', 'section_title': '网络安全冷知识'}, {'section_id': '1774846669131419648', 'section_title': '网络安全环保'}, {'section_id': '1774846789805264896', 'section_title': '网络法制践行者'}, {'section_id': '1774846850383638528', 'section_title': '文明互联你我'}, {'section_id': '1774846736458190848', 'section_title': '科普在身边'}]",https://pic1.zhimg.com/100/v2-2683e036b2a863a98d37f07047dc8540_hd.png,1724123692,1774845716361523202
58838468,164,False,E企跟党走 阅读悦生活, ,"[{'section_id': '1765812365168533504', 'section_title': '阅读给你答案'}, {'section_id': '1765812172415127552', 'section_title': '中国传统文化'}, {'section_id': '1765812225246416896', 'section_title': '中国近现代革命史'}, {'section_id': '1765812302253551616', 'section_title': '青年的自我成长'}]",https://pic1.zhimg.com/100/v2-a70b5383623368eed1d2ab446562ca00_hd.png,1713842500,1765812015929524224
918483,47,False,2024清明节丨忆满九州 情思华夏, ,"[{'section_id': '1758812907830280192', 'section_title': '清明节习俗'}, {'section_id': '1758812963559882753', 'section_title': '清明祭故人'}, {'section_id': '1758813013195546624', 'section_title': '绿色祭扫'}, {'section_id': '1758813071085350912', 'section_title': '踏青赏春'}]",https://pic2.zhimg.com/100/v2-ef880640d6c7dd84befcab4722320c79_hd.png,1712128162,1758812756265066496
52809752,128,False,知乎上的四川,知乎上的四川,"[{'section_id': '1755552490500956160', 'section_title': '四川生活'}, {'section_id': '1755552592808419328', 'section_title': '四川过春节'}, {'section_id': '1755552637028974592', 'section_title': '四川过春天'}, {'section_id': '1755552696822992897', 'section_title': '四川过夏天'}]",https://pic1.zhimg.com/100/v2-a7556006256fbd78267bf95de518ead8_hd.png,1716456607,1755552296522809344
45326586,528,True,筑梦现代化 共绘新图景, ,"[{'section_id': '1747672587361173504', 'section_title': '聚焦两会'}, {'section_id': '1748319114500956160', 'section_title': '政府工作报告'}, {'section_id': '1747379943917490177', 'section_title': '两会热议'}, {'section_id': '1747393101021171713', 'section_title': '两会热词'}, {'section_id': '1747379762920583170', 'section_title': '两会声音'}, {'section_id': '1747384072702447616', 'section_title': '两会科普'}]",https://pic3.zhimg.com/100/v2-177d867d2f8a6c524c435c1293a6c7ea_hd.png,1710126826,1747379177022484480
17919950,84,True,龙腾九州 福满京华, ,"[{'section_id': '1744041440827588608', 'section_title': '元宵喜乐'}, {'section_id': '1735701045710450688', 'section_title': '团圆乐事'}, {'section_id': '1735701146944172032', 'section_title': '祈福迎祥'}, {'section_id': '1735701461890318336', 'section_title': '春满人间'}, {'section_id': '1735701519196844032', 'section_title': '年货大集'}]",https://pic2.zhimg.com/100/v2-2c6f40ee00546ec179f3a078fee98995_hd.png,1725443941,1735694700215025664
3442122,47,False,聚焦2024河南两会, ,"[{'section_id': '1734905810058846208', 'section_title': '解读政府工作报告'}, {'section_id': '1734686492570742785', 'section_title': '河南两会声音'}, {'section_id': '1734283305841434624', 'section_title': '“链”上河南造'}, {'section_id': '1734283388213645312', 'section_title': '两会财经访谈'}, {'section_id': '1734283452038561792', 'section_title': '河南出圈记'}]",https://pic3.zhimg.com/100/v2-f5683e85a229582bdfa3a46f8221a82e_hd.png,1706421034,1734281263714783232
43816166,125,False,‘京•彩’新征程之经济展望, ,"[{'section_id': '1728134303655964673', 'section_title': '政策解读'}, {'section_id': '1728134372400721921', 'section_title': '经济新增长'}, {'section_id': '1728134440893489153', 'section_title': '经济新闻'}, {'section_id': '1728134505032916992', 'section_title': '京城观察'}]",https://pic3.zhimg.com/100/v2-1f666d7156738412641fde754527a572_hd.png,1706607879,1728132030431174656
1570276,74,False,2024丨元旦快乐, ,"[{'section_id': '1722684105983209472', 'section_title': ' 期待 2024'}, {'section_id': '1722674154770313216', 'section_title': '收获 2023'}, {'section_id': '1722687175496466432', 'section_title': '难忘 2023'}, {'section_id': '1722689810790268928', 'section_title': '元旦典故'}]",https://pic3.zhimg.com/100/v2-0400467a50c4da522c7d46ff051d830a_hd.png,1704067304,1722667261330825216
373247047,162,False,见证丨改革开放45周年, ,"[{'section_id': '1717591164016771073', 'section_title': '改革影响丨45周年成绩单'}, {'section_id': '1717591239623585792', 'section_title': '岁月如梭丨改革开放的重要意义'}, {'section_id': '1717598858803105792', 'section_title': '中国速度丨外国人眼中的改革开放'}, {'section_id': '1717598953867198464', 'section_title': '向未来出发丨新时代的风貌'}]",https://pic1.zhimg.com/100/v2-9eab849ba36d4a6eb496ee0662be3a64_hd.png,1702620480,1717590279350284288
559,117,False,大咖聊网安, ,"[{'section_id': '1713958450277752832', 'section_title': '聚焦网络安全 畅聊数字科技'}]",https://pic2.zhimg.com/100/v2-264c0641465123df00873b5ce64f9539_hd.png,1701424282,1713612084858806274
255604733,48,False,向科学要答案,该专题由北京宣传文化引导基金资助，围绕科技创新重点产业领域科技创新需求，开展广泛讨论，展现北京建设具有全球影响力的科技创新中心的生动实践。,"[{'section_id': '1713144535260196864', 'section_title': '向科学要答案'}]",https://pic3.zhimg.com/100/v2-62e6250c565a270e76fa6f37ef52d326_hd.png,1713250204,1713143889211383808
40881540,787,False,品好书｜读懂优秀文化, ,"[{'section_id': '1700934497342816256', 'section_title': '「一轴三带」历史文化'}, {'section_id': '1700934332091437056', 'section_title': '中国传统文化'}, {'section_id': '1700934389817622528', 'section_title': '中国近现代革命史'}, {'section_id': '1700934443966107648', 'section_title': '北京红色历史文化'}, {'section_id': '1700934550413328384', 'section_title': '北京都城之源'}]",https://pic3.zhimg.com/100/v2-a29c52831db46bff1d425012a3511446_hd.png,1698672097,1700933764044173312
19338683,135,False,2023丨孝满中华 德润人心, ,"[{'section_id': '1697569081048379392', 'section_title': '老有所孝'}, {'section_id': '1697569211579318272', 'section_title': '老有所爱'}, {'section_id': '1697569262619799552', 'section_title': '老有所福'}, {'section_id': '1697569308530741248', 'section_title': '老有所忆'}]",https://pic4.zhimg.com/100/v2-c46dcd563369f48d3226801d878efddb_hd.png,1697599547,1697567442224775168
6455562,167,False,大道互通, ,"[{'section_id': '1696233939520380928', 'section_title': '「一带一路」十周年'}, {'section_id': '1696237912306331648', 'section_title': '共建繁荣之路'}]",https://pic4.zhimg.com/100/v2-f88fee47a83257a17fadb575dcff830b_hd.png,1697685173,1696227344438833152
457717,88,False,家人防跌倒指南,伴随人口老龄化的加剧，有一个健康风险问题不容忽视：老年人失足跌倒的风险在逐步增加！据世界卫生组织发布的报告显示，全球每年有30多万人死于跌倒，其中60岁以上人群占一半以上。为了帮助家庭更好地预防老年人跌倒，在重阳节来临之际，知乎联合中国人口福利基金会、健康中国共同推出专题「家人防跌倒指南」。该专题通过科普、问答、互动等形式，向家庭成员介绍老年人防跌倒的相关知识和技巧。,"[{'section_id': '1696126342582657025', 'section_title': '基础知识'}, {'section_id': '1696126173099274240', 'section_title': '预防技巧'}, {'section_id': '1696126606962388992', 'section_title': '医学保健'}, {'section_id': '1696126657327378432', 'section_title': '急救措施'}, {'section_id': '1696126811434700800', 'section_title': '心理关爱'}]",https://pic4.zhimg.com/100/v2-3b82bba0d23dfb817767ebc22aece0c7_hd.png,1698030956,1696122791642906625
2978721,41,False,2023｜欢度国庆, ,"[{'section_id': '1690042649132969984', 'section_title': '共筑中国梦'}, {'section_id': '1690042688328744960', 'section_title': '解锁出游好方向'}, {'section_id': '1690042609760833537', 'section_title': '历史上的今天'}, {'section_id': '1690042733681688576', 'section_title': '宅家指南'}]",https://pic1.zhimg.com/100/v2-c62261c6d7429f0cf3d4e9ee4e2dea08_hd.png,1696121973,1690003860159168512
5382814,34,False,潮涌东方, ,"[{'section_id': '1688581503490088960', 'section_title': '玩转亚运会'}, {'section_id': '1688581545051435008', 'section_title': '美景亚运会'}, {'section_id': '1688581594892394496', 'section_title': '美食亚运会'}]",https://pic1.zhimg.com/100/v2-b78ec111a80c0201b3af0502439ae2f8_hd.png,1695372418,1688580164198555648
5577430,50,False,2023｜月圆九州 情系中华, ,"[{'section_id': '1687787893974884352', 'section_title': '花样中秋'}, {'section_id': '1687787833069371392', 'section_title': '历史中秋'}, {'section_id': '1687787942783803393', 'section_title': '故事中秋'}, {'section_id': '1687787999859949568', 'section_title': '享乐中秋'}]",https://pic1.zhimg.com/100/v2-5540894d73e922589c08d1071bcb54a4_hd.png,1695950714,1687787446086066176
49411434,266,False,2023 年「云上读书季」网络阅读活动, ,"[{'section_id': '1683515629808803840', 'section_title': '探索未知世界'}, {'section_id': '1683515677128884225', 'section_title': '感悟人生智慧'}, {'section_id': '1683515720267370496', 'section_title': '持续自我成长'}, {'section_id': '1683515773006532608', 'section_title': '探秘文化多样性'}]",https://pic2.zhimg.com/100/v2-71f844d658df1e8cfb5c32796968d0b9_hd.png,1694744893,1683484777829883904
16830055,182,False,用想象力预见未来,为迎接 2023 成都世界科幻大会，营造大会热烈氛围，擦亮成都科幻之都名片内容，结合省市有关科幻主题的世系列活动相关工作相关要求，聚焦成都科普与科幻产业，广泛吸引科幻创作者与泛科幻爱好者的关注和参与，激发全民创新力和想象力，为打造成都科幻之都名片贡献崇州力量，拟联动知乎开展2023用想象力「预见」未来系列科幻活动,"[{'section_id': '1682519114659237888', 'section_title': '未来城市'}]",https://pic3.zhimg.com/100/v2-63d890808649aa21693ba4553ef20caa_hd.png,1693971453,1682518300448370689
24346799,59,False,北京文化论坛｜文化京韵, ,"[{'section_id': '1682061992427487232', 'section_title': '文化论坛'}, {'section_id': '1682061643675250688', 'section_title': '古都文脉'}, {'section_id': '1682061692929011714', 'section_title': '博物之城'}, {'section_id': '1682061768715882496', 'section_title': '京美画卷'}]",https://pic1.zhimg.com/100/v2-4295803646fdb79945ae8a94b4c72650_hd.png,1695006247,1682061218012196864
45932238,316,False,2023 开学第一课, ,"[{'section_id': '1681004485713989632', 'section_title': '开学第一课'}, {'section_id': '1680266159818194944', 'section_title': '新生支招'}, {'section_id': '1680266238209847296', 'section_title': '学习安排'}, {'section_id': '1680266322343206912', 'section_title': '生活游玩'}, {'section_id': '1680266362738511872', 'section_title': '校园防诈'}, {'section_id': '1680266395592638464', 'section_title': '教师节'}]",https://pic3.zhimg.com/100/v2-46b91aea34fe751b55c0e12c5ecfff8a_hd.png,1694401899,1680264973803245568
80712142,44,False,爱满中华，相约幸福,窥见新时代年轻人婚恋文化的碰撞与整合，探索年轻人婚恋观变化中的文化多样性,"[{'section_id': '1675537404201693187', 'section_title': ' 鹊桥相会，河汉情缘'}, {'section_id': '1675537468299091968', 'section_title': '时间之纽，情牵古今'}, {'section_id': '1675537548133523456', 'section_title': '爱情图景，时代变奏'}]",https://pic4.zhimg.com/100/v2-7b7e16cbd46d965ea70e5b1d6f8414f7_hd.png,1692680552,1675537064626720768
2153588,112,False,青春主场,第31届世界大学生夏季运动会是继北京、深圳大运会之后，中国大陆第三次举办世界大学生夏季运动会，将于2023年7月28日至8月8日在中国四川省成都市举行。,"[{'section_id': '1667565042743529472', 'section_title': '大运：青春活力'}, {'section_id': '1667565140877713408', 'section_title': '成都：城市魅力'}, {'section_id': '1667566035786760192', 'section_title': '盛会：∞想象力'}, {'section_id': '1667566930461564928', 'section_title': '攻略：添行动力'}]",https://pic1.zhimg.com/100/v2-7aeb363685cbe12f7a46aa1141486e1c_hd.png,1690429591,1667564305561280512
5440422,61,False,暑你京彩----精彩暑假你做主,为更好服务保障青少年学生暑期生活，使社会各届组织策划的暑期文化活动信息及时便捷地融达广大青少年学生和家长，为其健康成长营造良好暑期网络氛围，现集中开展“暑你京彩┄┄精彩暑假你做主”网上主题宣传活动。,"[{'section_id': '1666865935108501504', 'section_title': '暑期大计：多彩暑期当何从'}, {'section_id': '1666864737261568000', 'section_title': '读万卷书：静读书、悟真理，暑期不可少'}, {'section_id': '1666865009849356289', 'section_title': '行万里路：游玩、研学、参观，暑期如此多彩'}, {'section_id': '1666865167089618944', 'section_title': '安全第一：个人安全是要事'}]",https://pic2.zhimg.com/100/v2-c4b1cde6b4278c73a5d957d5caefdb05_hd.png,1692697509,1666859701274017792
65494,31,False,巡礼新时代 京彩谱华章,展现大国首都深厚的历史底蕴和文化内涵，体悟新时代奋斗脉搏和幸福底色。,"[{'section_id': '1667132966693208064', 'section_title': '北京市网络文明宣传季'}, {'section_id': '1666862354649354240', 'section_title': '当代北京模样'}, {'section_id': '1666862862806020096', 'section_title': '回溯历史印记'}]",https://pic1.zhimg.com/100/v2-bef01ce4afbdc6cf13887965655c7418_hd.png,1690594418,1666858846474440705
247211,43,False,网安网络谣言打击整治专项行动,为了有效净化网络环境、依法严厉打击网络谣言，4月10号起公安部网安局部署为期百天的网络谣言打击整治专项行动。,"[{'section_id': '1665424169603665920', 'section_title': '警方在行动'}, {'section_id': '1665424216492077056', 'section_title': '知乎在行动'}]",https://pic1.zhimg.com/100/v2-bf7916aa95b5a9afd81ae42e2bfae794_hd.png,1689929921,1665424027438129152
239964906,23,False,清朗网络 知识护航,知乎“清朗网络 知识护航”活动以知乎吉祥物刘看山带领少年儿童畅游互联网为主题，通过专题搭建、互动问答、拍摄制作系列未成年互联网安全动画视频等活动，为青少年营造健康清朗的网络环境。,"[{'section_id': '1665398975460159488', 'section_title': '茁壮成长， 科学引导安全上网'}, {'section_id': '1665398887732043776', 'section_title': '网络清朗，铸就护苗安全防线'}, {'section_id': '1665398763572264960', 'section_title': '心灵守护，保护青少年在线安全'}]",https://pic1.zhimg.com/100/v2-4ce55f2e10d28f38b6c71c1daa9fb4a4_hd.png,1710221952,1665398513235120128
30144578,111,False,盛世中华，何以中国,以“大众科普”为看点，以各家博物的特色内容作为讲述与问答科普，解密每件博物的特点，充分利用全国各地博物馆资源优势，揭示中国五千年历史之秘，洞悉无奇不有的万千世界。,"[{'section_id': '1665329693183143936', 'section_title': '揭示新时代中国的光辉与成就'}, {'section_id': '1665329769104191488', 'section_title': '探索博物馆文化的精髓和魅力'}, {'section_id': '1665329811676160000', 'section_title': '用影像传递博物馆的璀璨与艺术'}, {'section_id': '1665329868114731008', 'section_title': '解密博物馆珍藏'}]",https://pic3.zhimg.com/100/v2-91d0bcf689ff8903dd4da1e5091ce8a6_hd.png,1689828959,1665329532839186432
708437,46,False,非遗好young,挖掘城市人文经济新动能,"[{'section_id': '1664563567813705728', 'section_title': '「青春」八问'}, {'section_id': '1664563713733566464', 'section_title': '「Young」趣好文'}]",https://pic3.zhimg.com/100/v2-28473d61ca3b9752470c5f878b49284a_hd.png,1689644282,1664562994204856320
16904377,337,False,2023年中国网络文明大会,2023年中国网络文明大会召开，十二个分论坛精彩亮相。,"[{'section_id': '1664339814299103232', 'section_title': '网络文明国际交流互鉴'}, {'section_id': '1664339880455974912', 'section_title': '算法治理'}, {'section_id': '1664344368763990016', 'section_title': '数字工益慈善发展'}, {'section_id': '1664344824005406720', 'section_title': '网络生态建设'}, {'section_id': '1664344924743958528', 'section_title': '互联网与文明创建'}, {'section_id': '1664344991064489984', 'section_title': '网络内容建设'}, {'section_id': '1664345060035440640', 'section_title': '数据安全与个人信息保护'}, {'section_id': '1664345149042769920', 'section_title': '海峡两岸青少年网络素养建设'}, {'section_id': '1664345304378880000', 'section_title': '数字文旅发展'}, {'section_id': '1664345363484704768', 'section_title': '网络法治'}, {'section_id': '1664345428379217920', 'section_title': '网络文明社会共建'}, {'section_id': '1664345473967321089', 'section_title': '网络辟谣'}]",https://pic2.zhimg.com/100/v2-f05a7cfe4a4cf42a0c9b13834857ca85_hd.png,1689646996,1664338491646447617
6290249,58,False,阔步迈向网络强国,阔步迈向网络强国,"[{'section_id': '1662414340010524673', 'section_title': '问题'}, {'section_id': '1662413821078581248', 'section_title': '回答'}]",https://pic4.zhimg.com/100/v2-fe66ca1bbff79e1741ac714f585faf87_hd.png,1689141775,1662413180742717440
1301863,90,False,「征程」,奋斗新征程,"[{'section_id': '1658139864267771904', 'section_title': '直播'}, {'section_id': '1658139900020043777', 'section_title': '问答'}, {'section_id': '1658140009763954688', 'section_title': '文章'}, {'section_id': '1658451851145228288', 'section_title': '视频'}]",https://pic4.zhimg.com/100/v2-3667365d37833a0c092ec746c649425b_hd.png,1688185765,1658138860268957696
41601697,181,False,和满中华 奋进九州 端午网络中国节,端午节是我国最重要的传统节日之一，有着丰富多彩的民俗文化特征，也是彰显家国情怀、抒发爱国精神的重要节点，不仅有利于弘扬民族精神、唤醒民众共同记忆，促进国家凝聚力和认同感。,"[{'section_id': '1652634887273422848', 'section_title': '端午知识'}, {'section_id': '1652674831484231680', 'section_title': '端午活动'}, {'section_id': '1652676763933970433', 'section_title': '端午文化'}, {'section_id': '1652680430062153729', 'section_title': '端午游玩'}]",https://pic2.zhimg.com/100/v2-6f6afe30f23d01d6fdbe161146fe3e39_hd.png,1687141375,1652619833140228097
4407637,326,False,少年志,少年智则国智，少年富则国富，少年强则国强，少年独立则国独立，少年自由则国自由，少年进步则国进步。 ,"[{'section_id': '1646481545115533312', 'section_title': '七彩童心'}, {'section_id': '1646482206766985216', 'section_title': '青春活力'}, {'section_id': '1646481688438988801', 'section_title': '踔厉奋发'}]",https://pic4.zhimg.com/100/v2-7fcac84fcec75e5403d34f7c3b8845eb_hd.png,1685699771,1646479606688534528
1196606,197,False,人类幼崽安全乘车指南,虽然近几年我国家长们对儿童安全座椅的认知有所提升，但仍有大部分家长不会强制孩子必须乘坐，甚至对如何规范使用儿童安全座椅缺少认知。儿童的乘车安全不容小觑，因为在安全面前，使用儿童安全座椅绝不应该是一道选择题。,"[{'section_id': '1644027470612508672', 'section_title': '如果正确选购儿童安全座椅'}, {'section_id': '1644027400689364992', 'section_title': '如何规范使用儿童安全座椅'}, {'section_id': '1644027659284983808', 'section_title': '儿童安全座椅相关法规'}, {'section_id': '1644027774707961856', 'section_title': '儿童乘车安全相关知识'}]",https://pic2.zhimg.com/100/v2-5ef8aa1da12d8713ec8037d109ac0905_hd.png,1685528850,1644026239693324288
928056,505,False,孩子近视怎么办？,怎么预防孩子近视？怎么可以减缓孩子度数加深？怎么给孩子选择适合的镜片？身为家长的你是不是正一头雾水，别着急，来看看大咖们怎么说,"[{'section_id': '1640002805737013248', 'section_title': '科普 | 为什么儿童镜片「不一样」？'}, {'section_id': '1640002981704794112', 'section_title': '防控 | 孩子近视度数猛涨怎么办？'}, {'section_id': '1640003129759518720', 'section_title': '选购 | 怎么给孩子科学选购眼镜？'}]",https://pic2.zhimg.com/100/v2-f4a4a3b03189660c4893dd21846f3d89_hd.png,1685959192,1640001936974921728
20133708,462,False,青春中国, 愿中国青年都摆脱冷气，只是向上走，不必听自暴自弃者流的话。能做事的做事，能发声的发声，有一分热，发一分光。就令萤火一般，也可以在黑暗里发一点光，不必等候炬火。此后如竟没有炬火：我便是唯一的光。,"[{'section_id': '1770070328926195712', 'section_title': '风采'}, {'section_id': '1635288337656299521', 'section_title': '拼搏'}, {'section_id': '1635289263255265280', 'section_title': '探索'}, {'section_id': '1635289207017803776', 'section_title': '热爱'}, {'section_id': '1635289338404716544', 'section_title': '使命'}]",https://pic2.zhimg.com/100/v2-755cedbbb6545cef03c6f91bb3991579_hd.png,1714797718,1635287583398776832
42744077,203,False,北京大视听 五一看不停,在北京市广播电视局指导下，知乎开展2023年「北京大视听 五一看不停」线上系列活动，集中展播综艺、纪录片、短视频等方面的优质视听内容。结合线下活动、直播、圆桌、想法等经典玩法，体现当代青年的精神生活方式，即在人间行走的方式，帮助用户向内而生。,"[{'section_id': '1635273722259980289', 'section_title': '我想在人间这样行走'}]",https://pic2.zhimg.com/100/v2-32945a7ba35d8088dc2a835f371a66f5_hd.png,1683013903,1635273125108682752
399822185,1730,False,读书之美,4.23世界读书日，在生活中养成勤阅读、深思考的习惯，通过广而深的阅读拓展视野，发现人生中更多的可能性。,"[{'section_id': '1632811300588781568', 'section_title': '读书之美'}, {'section_id': '1632811256502431744', 'section_title': '启迪人生'}, {'section_id': '1632811184737923073', 'section_title': '开拓眼界'}, {'section_id': '1632811086197112832', 'section_title': '好书推荐'}]",https://pic4.zhimg.com/100/v2-d9a4c62d0145593d498c6819fe385973_hd.png,1682320776,1632808674837200897
1152492,704,False,游戏是第九艺术,「2023 知乎人文｜我想这样在人间行走」，用游戏装下你的精神世界。游戏领域希望打破当下年长人群对游戏的刻板印象，以「第九艺术」相关衍生探讨为主题，给年轻群体带来一次全方位的精神治愈。,"[{'section_id': '1632434291396206592', 'section_title': '游戏中的世界观/哲学'}, {'section_id': '1632434379010822144', 'section_title': '游戏剧本创作'}, {'section_id': '1632434447247974402', 'section_title': '第九艺术衍生讨论'}, {'section_id': '1632434499798675456', 'section_title': '行业预测'}]",https://pic2.zhimg.com/100/v2-d24473c25439004be6366d1766e27dc9_hd.png,1682303110,1632431591225114624
87356792,406,False,第十三届书香中国•北京阅读季,第十三届书香中国•北京阅读季，推动形成爱读书、读好书、善读书的新风尚，构筑起北京的魅力人文风景线。,"[{'section_id': '1631288740185079810', 'section_title': '读书之美'}, {'section_id': '1631288830190907392', 'section_title': '有效阅读'}, {'section_id': '1631288931076501504', 'section_title': '遇见自我'}, {'section_id': '1631288973501976576', 'section_title': '好书推荐'}]",https://pic3.zhimg.com/100/v2-297b0e93003a3bdd7dd870f797ef4dee_hd.png,1681888025,1631288390392905728
149881045,226,False,2023年中国有约,“ 2023年中国有约”将邀请外媒记者、外国网红、外国专家、驻华使节等外籍代表，与中国网络媒体记者一起，以“文明交流互鉴 经济互利共赢”主题，以独特视角讲好“一带一路”友好交往故事，讲好中国式现代化为世界带来的机遇成果。,"[{'section_id': '1629857971831296000', 'section_title': '文章'}, {'section_id': '1630158382647697408', 'section_title': '问题'}]",https://pic3.zhimg.com/100/v2-299873d49ca7f92adab630eaafc6829e_hd.png,1687336755,1629840340545843201
2301671,507,False,音乐拯救失控,「2023 知乎人文｜我想这样在人间行走」，用音乐装下你的精神世界。让音乐拯救失控的自己，用旋律抚平内心的动荡，让歌词释放心中的情感。,"[{'section_id': '1632029862679461888', 'section_title': '失控的工作'}, {'section_id': '1632029920539848704', 'section_title': '失眠的深夜'}, {'section_id': '1632030000152031232', 'section_title': '自救的角落'}, {'section_id': '1632030039318528000', 'section_title': '他们拯救我'}]",https://pic1.zhimg.com/100/v2-6b2cfa6dc1d7d0fda748423580fb34a4_hd.png,1682221658,1629806819358056448
11403845,93,False,2023全民国家安全教育日,全民国家安全教育日 为增强全民国家安全意识，营造维护国家安全的浓厚法治氛围，增强防范和抵御安全风险能力，2015年7月1日，全国人大常委会通过的《中华人民共和国国家安全法》第十四条规定，将每年4月15日为全民国家安全教育日（National Security Education Day）。,"[{'section_id': '1629116172347011074', 'section_title': '正义之声'}, {'section_id': '1629114793796767745', 'section_title': '经验分享'}, {'section_id': '1629116237442392065', 'section_title': '经典案例'}]",https://pic1.zhimg.com/100/v2-dfddadf41138c207e9bdc59d37cb5c24_hd.png,1681613477,1629104898837983234
1192,27,False,「警学联盟·校园无诈」创意大赛,为有效防范海淀高校校园电信网络诈骗案件发生，切实维护校园安全和师生财产安全，进一步提升师生防范意识能力。由北京市公安局海淀分局主办，海淀区委办、区委宣传部、区委政法委、区委网信办、团区委、各街镇协办，以及联合海淀区各高校开展的第一届海淀“警学联盟·校园无诈”防电诈主题海报及短视频征集活动正式开始！,"[{'section_id': '1627711832642351104', 'section_title': '创意大赛'}, {'section_id': '1631322961528373248', 'section_title': '反诈宣传'}]",https://pic2.zhimg.com/100/v2-5f4fd66281d7ddd741490f6defb05295_hd.png,1681717857,1627328898630127617
59251917,80,False,2023 上海车展,2023 上海车展正式开启！本届车展你最感兴趣的新车是什么？你最关心的品牌是哪个？你最想下单的车型是哪辆？知乎汽车将深度参与本次车展，为各位用户带来更多优质专业的汽车内容！快来知乎线上逛展，为你带来最专业、最优质的、最深度的汽车资讯！参与回答红包问题还可瓜分 3 万元红包奖励！也欢迎大家在上海车展打卡知乎展台（5.2 号馆），限量知乎周边等你来拿！,"[{'section_id': '1629156915241541632', 'section_title': '红包问题'}, {'section_id': '1632430689193713665', 'section_title': '上海车展视频答'}, {'section_id': '1629157019851751425', 'section_title': '车展热议'}, {'section_id': '1629157059156402177', 'section_title': '选买专区'}, {'section_id': '1629157829054574592', 'section_title': '圆桌 · 我是新车种草官'}]",https://pic2.zhimg.com/100/v2-078fd8619a430ad0e70376a1f814addd_hd.png,1682143507,1627323091838836736
21800130,204,False,英雄之光,⼭河换新颜，热⾎铸忠魂，告慰英魂，铭记历史。知乎结合传统节日，向革命英烈致以崇高敬意和无限哀思，表达对英烈的崇敬之心。,"[{'section_id': '1626647911252635649', 'section_title': '英雄之光'}, {'section_id': '1626648467459325952', 'section_title': '永远记住你'}, {'section_id': '1626648601920208896', 'section_title': '鲜花献英烈'}, {'section_id': '1626648654596218880', 'section_title': '为烈士寻亲'}]",https://pic4.zhimg.com/100/v2-b801066a61fcaa4ca12053b32b1f1d0b_hd.png,1680770743,1626647331662635008
10481805,162,False,顾家家居—为生活而设计 ,以家为原点，顾家致力于为用户提供一体化整家服务，定制专属家居生活，让美好不负期待 ,"[{'section_id': '1624531107541704704', 'section_title': '为生活而设计'}, {'section_id': '1624531148633296897', 'section_title': '一体化整家'}, {'section_id': '1624531185333334016', 'section_title': '向往的生活在顾家'}]",https://pic1.zhimg.com/100/v2-7c0f03bbe4e0ce6fba2c664ed09902dc_hd.png,1681225348,1624530985298694144
4624745,36,False,2023 清明节「忆满九州 情思华夏」,春雨在大地留下诗篇，将万物写成思念，清明纪念活动是对纯洁、清明大自然的热爱，是对祖先和一切为人类进步而逝去的人们深情追忆，为深入挖掘和弘扬中华优秀传统文化，知乎结合内容优势开展「忆满九州 情思华夏」为主题的专题活动。,"[{'section_id': '1624452718977822721', 'section_title': '花开清明'}, {'section_id': '1624452761868898304', 'section_title': '不负春光'}, {'section_id': '1624452803618975744', 'section_title': '云上寄思'}]",https://pic3.zhimg.com/100/v2-6152b36f8b9a399f6c9593a1959b30ee_hd.png,1680675052,1624452423015153664
8282737,131,False,选购新能源汽车的标准是什么？,智能座舱、智能驾驶辅助、三电系统等都随着新能源车的崛起而逐渐被我们熟知，如何判断一辆车的好坏并挑选到适合自己的车，现在丰田bZ4X告诉你选购新能源汽车的标准是什么？,"[{'section_id': '1628860419078045696', 'section_title': ' 标准|新能源选购'}, {'section_id': '1624449155035844608', 'section_title': '标准|三电技术篇'}, {'section_id': '1624449457382191104', 'section_title': '标准|智能车机篇'}, {'section_id': '1624449700488286209', 'section_title': '标准|越野驾趣篇'}, {'section_id': '1624449932781481985', 'section_title': '标准|辅助驾驶篇'}]",https://pic4.zhimg.com/100/v2-4524b1e71f5d7057d3fb9799683da1ff_hd.png,1681181227,1624449002300166144
42044327,103,False,匠心「知」美,「百人匠于心，传承美于行」，匠心「知」美云南百人匠心内容栏目由知乎城市昆明策划发起，围绕「工匠精神」核心内涵，将「匠人」概念延伸拓展。予一生坚守，精一事传承，不忘初心、不断创新，即为匠心，聚焦各行各业坚守初心、独具匠心的「工匠」，寻 100 人，以初心致匠心，讲述不一样的传承故事，打造具有云南本土特色的优质内容栏目。 ,"[{'section_id': '1624195933570256896', 'section_title': '匠心「知」美 '}, {'section_id': '1624195974888464384', 'section_title': '匠心解读'}, {'section_id': '1624196012406484992', 'section_title': '匠心实践'}, {'section_id': '1624196074943442944', 'section_title': '匠心传承'}]",https://pic4.zhimg.com/100/v2-518a331b69ffefeb05000cefeeccb037_hd.png,1680163031,1624195821682778112
106430,90,False,云茶100问 ,茶叶起源于中国，沿丝绸之路走向世界，成为世界级饮品；云茶，沿茶马古道走向全国，成为华人第一饮品。而云茶种植面积、产量和经济总量居全国前列。在云南省茶叶流通协会指导下，知乎城市昆明策划「云茶100问」专题，与知友一起走进云茶。 ,"[{'section_id': '1624190209289150464', 'section_title': '云茶产业纵览'}, {'section_id': '1624190249881513985', 'section_title': '云茶知识科普'}, {'section_id': '1624190301110804480', 'section_title': '云茶名片标杆'}]",https://pic3.zhimg.com/100/v2-d4b824b86da2b8de839a351df474b22a_hd.png,1680163040,1624190137772068864
2352965,26,False,探秘白芸豆提取物,白芸豆提取物成为新的网红，各种打着白芸豆提取物名号的产品琳琅满目，但爆火之后，质疑声也越来越多，那么白芸豆提取物到底是什么？在这里为你解开一切答案 ,"[{'section_id': '1624187431774916608', 'section_title': '白芸豆提取物到底是什么'}, {'section_id': '1624187510489063424', 'section_title': '科学起底，有据可依'}, {'section_id': '1624804148821303297', 'section_title': '「芸豆」测评故事会'}, {'section_id': '1624804178500579328', 'section_title': '使用疑虑 大解忧'}]",https://pic2.zhimg.com/100/v2-bc610cbb1c70b9b14bdff4ca8acf8a71_hd.png,1680165242,1624187299931074560
2185093,28,False,世界知识产权日专题,每年的４月２６日是世界知识产权日。２０００年１０月，世界知识产权组织成员国大会第３５届系列会议就中国和阿尔及利亚共同提出的关于建立“世界知识产权日”提案进行讨论，经审议宣布：将《建立世界知识产权组织公约》正式生效日的４月２６日定为“世界知识产权日”。设立世界知识产权日的宗旨是在全世界树立尊重知识、崇尚科学和保护知识产权的意识，营造鼓励知识创新的保护知识产权的法律环境。,"[{'section_id': '1624038205069758465', 'section_title': '圆桌讨论'}, {'section_id': '1624038497244889088', 'section_title': '经典提问'}, {'section_id': '1624038811469524992', 'section_title': '权威科普'}]",https://pic4.zhimg.com/100/v2-aa467d0ab5e56248c222a18f21a04d77_hd.png,1680504327,1624036841912225793
31115502,259,False,知乎媒体每周看点0320-0326,本周知友最关注的媒体热点问答和视频有哪些？@知媒小助手 为你一榜打尽。,"[{'section_id': '1623699186758774784', 'section_title': '热门问题'}, {'section_id': '1623699242639327233', 'section_title': '热门视频'}, {'section_id': '1623699291293249536', 'section_title': '热门回答'}]",https://pic1.zhimg.com/100/v2-68fc56fdebee99bad8c3d0e8e144d7f4_hd.png,1679912300,1623699016906166272
1813925,117,False,敏感星人的修养说明书,换季哪哪都敏感，各种小毛病来袭，敏感星人该如何自救养护？如何杠杠提升自我「耐敏力」？选择什么样的抗敏产品能有效避雷？本期「敏感星人的修养说明书」，带你了解敏感体质脱敏攻略,"[{'section_id': '1622252505106157568', 'section_title': '敏感修复新思路'}, {'section_id': '1622252530863509504', 'section_title': '敏感好物抄作业'}, {'section_id': '1622252555806646273', 'section_title': '换季应对划重点'}]",https://pic1.zhimg.com/100/v2-173ad8f87f6f75bf1c56492d18aed79c_hd.png,1680071910,1622252425611632640
15977312,58,False,山水龙泉驿 活力汽车城 ,一半山水一半城，龙泉驿，一座生长在公园里的城市。,"[{'section_id': '1621510292218785792', 'section_title': '城市向上'}, {'section_id': '1621510316273217537', 'section_title': '山水龙泉'}, {'section_id': '1621510342181101568', 'section_title': '游在龙泉'}]",https://pic2.zhimg.com/100/v2-fce37c57f89599e3966e932b6ee0f9cd_hd.png,1680016348,1621510226003271680
37973590,129,False,宁波请回答,宁波，这座拥有数千年历史的滨海之城，在新时代的浪潮下，乘势而上，焕发崭新生机。对于宁波这座城市，我们有太多的问题，想要寻求答案。不仅仅是吃穿住行，还更关心着属于宁波的未来。宁波请回答——在宁波，寻求这座城市的答案。,"[{'section_id': '1621453449769529344', 'section_title': '在宁波，去哪玩？'}, {'section_id': '1621453470250217472', 'section_title': '在宁波，怎样生活？'}, {'section_id': '1621453491129528321', 'section_title': '对宁波，怎么看？'}, {'section_id': '1621453518463741952', 'section_title': '宁波，有多强？'}]",https://pic4.zhimg.com/100/v2-e689bc216fc71f6465cf3b8f2f55eb93_hd.png,1679386750,1621453380278267904
1488187,60,False,焕新生产力，重构精彩生活,搭载了新一代 Intel 13 代酷睿处理器的新款笔记本终于全面上市了，新款处理器相对于前一代来说生产力方面都有哪些升级，对学生党、程序员、设计师等行业人群来说都值得入手吗？这里收录海量 Intel 13 代酷睿处理器性能指南，无论是真机实测，还是性能跑分，都可以找到。,"[{'section_id': '1621199092402655233', 'section_title': '专业性能大突破'}, {'section_id': '1621199153069010945', 'section_title': '工作生活新优化'}, {'section_id': '1621199209948041216', 'section_title': '新款电脑全升级'}, {'section_id': '1621199265082183680', 'section_title': 'Intel系列更多资讯'}]",https://pic3.zhimg.com/100/v2-02692cec0228b0c77fdc8d5f24ae26a2_hd.png,1679371853,1621198530189725697
43255001,101,False,知乎媒体每周看点0313-0319,本周知友最关注的媒体热点问答和视频有哪些？@知媒小助手 为你一榜打尽。,"[{'section_id': '1621150775417245696', 'section_title': '热门问题'}, {'section_id': '1621150847269785600', 'section_title': '热门视频'}, {'section_id': '1621150882799726592', 'section_title': '热门回答'}]",https://pic1.zhimg.com/100/v2-68fc56fdebee99bad8c3d0e8e144d7f4_hd.png,1679297049,1621149791789748224
2266765,270,False,京东京造：生活的确幸藏在细节里,生活幸福感往往源自于身边的每一处细节，松软度刚刚好的枕头、柔软度刚刚好的面巾纸、支撑度刚刚好的人体工学椅、味道刚刚好符合心意的香薰。虽然生活里处处充满不期而遇的欣喜，但是我们努力通过细节的打磨，把不确定变成确定，把小确幸变成大确信，京东京造始终相信「把细微小事做到极致就是不平凡」，让理想生活触手可及。,"[{'section_id': '1618965086445395968', 'section_title': '生活的小确幸时刻'}, {'section_id': '1618965149053812736', 'section_title': '小确幸背后的大确定'}, {'section_id': '1618965223661867008', 'section_title': '刚刚好生活哲学'}]",https://pic2.zhimg.com/100/v2-a24be3111f2652cc966e131384f4b1e1_hd.png,1678935044,1618964809357082624
54322035,193,False,知乎媒体每周看点0306-0312,本周知友最关注的媒体热点问答和视频有哪些？@知媒小助手 为你一榜打尽。,"[{'section_id': '1618603500744445952', 'section_title': '热门问题'}, {'section_id': '1618603550178787328', 'section_title': '热门视频'}, {'section_id': '1618603607875715072', 'section_title': '热门回答'}]",https://pic1.zhimg.com/100/v2-68fc56fdebee99bad8c3d0e8e144d7f4_hd.png,1679292666,1618603130458931200
23947225,317,False,如何选购隐形眼镜,隐形眼镜，是现代人矫正屈光的最普遍方法之一。很多人会因为一些场合或者个人形象的需要选择隐形眼镜，但也经常会忽视材质、含水量、透氧率等一系列参数选择，盲目选择最贵或最新的。实际上，隐形眼镜选对了，才能保持眼睛透气舒适，自在清晰地看世界。所以该如何掌握正确的选购方式和佩戴技巧，让隐形眼镜不仅真正「隐形」，还能成为颜值提升利器。,"[{'section_id': '1617601196520067072', 'section_title': '舒适隐形必备'}, {'section_id': '1617601339571318784', 'section_title': ' 新手友好推荐'}, {'section_id': '1617601405392543744', 'section_title': '一键闭眼入'}]",https://pic1.zhimg.com/100/v2-92f888512d6d92d3190ec7f9bddebfd8_hd.png,1678930949,1617600855590522880
119317458,130,False,「知」识英才 「智」汇崂山 ,海纳百川，汇智崂山。崂山区诚邀天下英才走进崂山，与这座山海品质新城一起成长、共创辉煌！,"[{'section_id': '1617141658499088385', 'section_title': '向往的崂山'}, {'section_id': '1617141691072270336', 'section_title': '优产业 广未来'}, {'section_id': '1617141721439150080', 'section_title': '职场「知」招'}]",https://pic2.zhimg.com/100/v2-36646841e66b64dd3c9d0cd459829e65_hd.png,1678432232,1617141583870066688
20489174,48,False,有一种「生活美学」叫崂山 ,天赋地灵，山水独钟，崂山之爱，宜乎众矣。那些因生活在崂山而独享的美好，你知道多少？山东旅发大会将于3月在青岛开幕，向往崂山的人呀，一起来领略奇峰秀水吧！ ,"[{'section_id': '1616813984002015232', 'section_title': '奔赴山海与热爱'}, {'section_id': '1616814012234178560', 'section_title': '[野]可以在崂山'}, {'section_id': '1616814044605550593', 'section_title': '物华天宝在崂山'}]",https://pic3.zhimg.com/100/v2-7d5d16c7ea91225beb1006a2ad995346_hd.png,1681461803,1616813921817300993
644323,127,False,38 好物节 姐姐超值得,「三八」妇女节，是一个为所有女性获得平等自由的权利而设立的节日。当代女性，她们把选择权掌控在自己手里，在平凡之路上书写不平凡，值得拥有一切美好。来抖音商城 38 好物节逛逛，超值购频道正品一件直降五折起，还有机会叠加无门槛券，怎么选都超值得，正如她们的人生一样。,"[{'section_id': '1615855805563097088', 'section_title': '38 节超值购'}, {'section_id': '1616828074137448448', 'section_title': '你超值得'}, {'section_id': '1615856916550369280', 'section_title': '左滑抖音商城'}, {'section_id': '1615857743415451648', 'section_title': '38 好物节'}]",https://pic1.zhimg.com/100/v2-1ea4ad1d9611a34302dce7abd0a460b0_hd.png,1678262256,1615854731607429120
100875483,121,False,让小美事发生的 N 件好物,一个可爱的水杯开启元气满满的一天，一个精致的发卡也可能带来浪漫的邂逅，生活中的美好与幸运都来源于这些宝藏好物的加持。3 月 1 日-3 月 8 日，抖音 38 好物节全面开启，跨店满减再叠消费券，满 150 减 30，最高还能享 7.8 折优惠！解馋零食、新品美妆、时尚服饰、智能家居……海量致美好物为你带来数不尽的小美事，打开抖音左滑逛商城，一起美美过个节！,"[{'section_id': '1615303441852620800', 'section_title': '让人吃嘛嘛香'}, {'section_id': '1615303511414886400', 'section_title': '使了面上有光'}, {'section_id': '1615303573054365696', 'section_title': '穿上魅力四射'}, {'section_id': '1615303689865936896', 'section_title': '开启精致生活'}]",https://pic1.zhimg.com/100/v2-c6d314bdc1038b4ccbd3fcab543632e4_hd.png,1678184080,1615302353472675840
88273918,1982,False,2023 全国两会 | 开局之年，向春而行,2023 年全国两会开启。教育、医疗、育儿、养老、就业……你最关注哪个领域？最期待哪些提案议案能够尽快落地？开局之年，向春而行，让我们透过两会，见证中国力量。,"[{'section_id': '1614642788255117312', 'section_title': '特别关注'}, {'section_id': '1614670579952570368', 'section_title': '重磅推出'}, {'section_id': '1614688994368901120', 'section_title': '正在热议'}, {'section_id': '1615360725312008192', 'section_title': '媒体观察'}]",https://pic1.zhimg.com/100/v2-a6adac4808835689fd95c85a64131e38_hd.png,1678706925,1614642453860102144
7354140,479,False,开学季 | 数码产品的正确购买指南,大学生活中，一套优秀的数码装备至关重要，无论是游戏娱乐，还是学习活动都离不开它，最近是开学季，大家可以趁现在入手一整套优质数码好物，欢迎各位大佬科普专业数码知识，也可以分享那些宝贵的避坑经验，福利攻略，帮助更多大学生用有限的预算get属于自己的超值校园装备！,"[{'section_id': '1613921100122968064', 'section_title': '返校生活'}, {'section_id': '1613920642868404224', 'section_title': '学生专享'}, {'section_id': '1613920944464056320', 'section_title': '装备推荐'}]",https://pic2.zhimg.com/100/v2-9b24059f7e811729491e12cbf37c5ef1_hd.png,1678254131,1613904153390133248
25526891,761,False,医美前后，你知道怎么修护吗？,俗话说三分医美，七分养护，在医美之前，需要做哪些准备工作？在医美之后，又应当如何科学修护，才能帮助皮肤平稳度过脆弱期？究竟怎样的医美/护肤策略，能兼收并蓄医美+护肤品的双重效用，使皮肤状态的改善事半功倍？本期专题，带你走进医美真相局，补补医美前后的那些修护「肌」础课,"[{'section_id': '1612068906499358720', 'section_title': '修护「肌」础课'}, {'section_id': '1612068941114580992', 'section_title': '医美真相局'}, {'section_id': '1612068996869681152', 'section_title': '实力「择」学家'}]",https://pic2.zhimg.com/100/v2-323a9273eed0fea480eb3c391038afd1_hd.png,1677729843,1612068776006012928
515515,27,False,查房心内科,从医多年，细说我遇到的难忘/特色心血管病例~快来一起通过分享我们的心内科查房笔记。 ,"[{'section_id': '1612040792519995392', 'section_title': '查房心内科'}]",https://pic3.zhimg.com/100/v2-064242505379525ee03c7a3fad29321e_hd.png,1681374807,1612040555939987456
295875,277,False,早 C 晚 A 先锋思路,基于对国人皮肤的研究，优时颜发现早 C 晚 A 这个议题不能用「唯一解」一概而论。由于肤质的不同、生活习惯的差异、耐受程度的高低……个性化护肤需求应运而生。因此，优时颜综合众多因素，提出了更适合国人肌肤的解决思路。,"[{'section_id': '1609974094819966976', 'section_title': '不盲目追求原型成分'}, {'section_id': '1609974130043752449', 'section_title': '不盲目追求更高浓度'}, {'section_id': '1609974165389398016', 'section_title': '不盲目追求大牌平替'}]",https://pic1.zhimg.com/100/v2-ab9d93cc1877d41002c751911d4d3b24_hd.png,1677046419,1609973818696716288
12598049,497,False,家装开工逛京东,想收获自己的理想小屋，哪些装修保姆级攻略一定要知道，特别是开工前有哪些必备技能？这里有各种装修实战经验，避坑指南与宝藏经验分享，也欢迎各位畅所欲言，一键 get 实用装修宝藏指南，还有省钱大福利。,"[{'section_id': '1609897370862518272', 'section_title': '家装全攻略'}, {'section_id': '1609897450113548288', 'section_title': '趋势情报站'}, {'section_id': '1609897510100774912', 'section_title': '比价有门道'}, {'section_id': '1609897583706324992', 'section_title': '小白抄作业'}]",https://pic1.zhimg.com/100/v2-8af4ee307ee925a12a9b23bc2ba1e570_hd.png,1676977923,1609875408676945920
13321417,29,False,杭海数字新城,省级双创示范基地，邀您共创浙江数字经济新增长极。 ,"[{'section_id': '1606608124621840384', 'section_title': '数字经济聚焦'}, {'section_id': '1606608149917421568', 'section_title': '走进杭海新区'}, {'section_id': '1606608175981125633', 'section_title': '杭海产业动态'}, {'section_id': '1606608204963819520', 'section_title': '新城创业指南'}]",https://pic1.zhimg.com/100/v2-da57d645477be0d19b37edace23d66fc_hd.png,1678431508,1606608026881937408
7705295,388,False,硬核敏感肌抗老指南,在「猛药」护肤流行的当下，敏感肌总是在成分猛轰之后频频「爆雷」：泛红、起皮、发痒……针对敏感肌的抗老养护，有没有什么更温和的新方法？为什么说敏感肌呵护要从底子开始？为什么说敏感肌的抗老需求更加迫切？本期「敏感肌硬核抗老指南」，带你看看在「猛药」之外，敏感肌该如何自救～,"[{'section_id': '1604137138139992064', 'section_title': '敏感肌如何自救？'}, {'section_id': '1604137375302729728', 'section_title': '敏感肌如何科学抗老？'}, {'section_id': '1604137442482786304', 'section_title': '敏感肌护肤功课指南'}]",https://pic1.zhimg.com/100/v2-76ac0eab72bb1f044dff6665636df654_hd.png,1677064098,1604136268660637697
13459976,392,False,过年,瑞兔贺新春，幸福中国年。神州大地处处洋溢着节日的喜庆气氛。这是中华民族传统节日，是万家团圆、辞旧迎新的喜庆日子。让我们怀着对未来的美好向往，厚植家国情怀、涵养进取品格，以奋斗姿态激扬青春，不负时代，不负华年。,"[{'section_id': '1599851905534017536', 'section_title': '幸福中国年'}, {'section_id': '1599851957006614528', 'section_title': '科普知识'}, {'section_id': '1599852033254555648', 'section_title': '祝福文案'}]",https://pic4.zhimg.com/100/v2-a8325a384520fafde5c191f74f1c1fa3_hd.png,1674215209,1599851751632240640
